[
  {
    "foodName": "Kali Dosa (2 Pcs) with Mutton Paya",
    "foodCost": 175,
    "foodType": "Indian",
    "description": "Dosa served with flavourful paya gravy.",
    "foodPic": "http://localhost:4200/assets/images/food-images/pue6xog12sr9v44ggcaj.jpeg"
  },
  {
    "foodName": "Carrier Meal",
    "foodCost": 299,
    "foodType": "Indian",
    "description": "Rice, chapathi, special kolumbu, kootu, poriyal, sambar, rasam, applam and butter milk - Serves 3 to 4.",
    "foodPic": "http://localhost:4200/assets/images/food-images/ctiuffcmjv5zsltfimcf.jpeg"
  },
  {
    "foodName": "Dindigula Chicken 65 Boneless",
    "foodCost": 160,
    "foodType": "Indian",
    "description": "Spicy batter fried boneless chunks of chicken.",
    "foodPic": "http://localhost:4200/assets/images/food-images/zuvqk1p8qpczdyzekwbb.jpeg"
  },
  {
    "foodName": "Chicken Kabab with Bone",
    "foodCost": 140,
    "foodType": "Indian",
    "description": "Spicy batter fried chicken pieces.",
    "foodPic": "http://localhost:4200/assets/images/food-images/or2u6psskpjzsdfnap62.jpeg"
  },
  {
    "foodName": "Paneer Khurma",
    "foodCost": 100,
    "foodType": "Indian",
    "description": "Paneer Khurma",
    "foodPic": "http://localhost:4200/assets/images/food-images/zegzddagqojnwz5dtsr5.jpeg"
  },
  {
    "foodName": "Mutta Kolumbu",
    "foodCost": 100,
    "foodType": "Indian",
    "description": "Egg Gravy.",
    "foodPic": "http://localhost:4200/assets/images/food-images/cqzewfkggaflql4nwqy7.jpeg"
  },
  {
    "foodName": "Chapathi 2 Nos",
    "foodCost": 50,
    "foodType": "Indian",
    "description": "Served with veg sherwa.",
    "foodPic": "http://localhost:4200/assets/images/food-images/f8ybytlskb5fkw7emxz2.jpeg"
  },
  {
    "foodName": "Curd Rice",
    "foodCost": 65,
    "foodType": "Indian",
    "description": "Rice mixed with curd and tampered with curry leaves and mustard seed",
    "foodPic": "http://localhost:4200/assets/images/food-images/pv2da1igiao7ehwfhacx.jpeg"
  },
  {
    "foodName": "Rava Payasam",
    "foodCost": 45,
    "foodType": "Indian",
    "description": "Rava cooked in simmering milk garnished with dry nuts.",
    "foodPic": "http://localhost:4200/assets/images/food-images/bbtdyifnn0oiwkfdbhto.jpeg"
  },
  {
    "foodName": "Idly Poori Combo",
    "foodCost": 90,
    "foodType": "Indian",
    "description": "2 nos idly, 1 poori and 1 vada served with sagu and chutney.",
    "foodPic": "http://localhost:4200/assets/images/food-images/dxocpo52x6b7dvqdju1r.jpeg"
  },
  {
    "foodName": "Idly (2 Pcs) with Mutton Kolumbu",
    "foodCost": 185,
    "foodType": "Indian",
    "description": "Idly 2 nos with Mutton kolumbu.",
    "foodPic": "http://localhost:4200/assets/images/food-images/wu61yoxdpfjp2nbunkza.jpeg"
  },
  {
    "foodName": "Kali Dosa (2 Pcs) with Mutton Kolumbu",
    "foodCost": 200,
    "foodType": "Indian",
    "description": "Kali dosa 2 nos with mutton kolumbu.",
    "foodPic": "http://localhost:4200/assets/images/food-images/jb95ik3lafvmagrxkx0c.jpeg"
  },
  {
    "foodName": "Plain Dosa",
    "foodCost": 65,
    "foodType": "Indian",
    "description": "Served with coconut chutney and sambar.",
    "foodPic": "http://localhost:4200/assets/images/food-images/kgymgghvjpdv0digpu5w.jpeg"
  },
  {
    "foodName": "Onion Dosa",
    "foodCost": 70,
    "foodType": "Indian",
    "description": "Served with coconut chutney and sambar.",
    "foodPic": "http://localhost:4200/assets/images/food-images/gcmydcvc71ilipqb8txr.jpeg"
  },
  {
    "foodName": "Parotta 2 Nos",
    "foodCost": 55,
    "foodType": "Indian",
    "description": "Served with veg sherwa.",
    "foodPic": "http://localhost:4200/assets/images/food-images/vlvvudo17hgmtmqbjmom.jpeg"
  },
  {
    "foodName": "Mexican Samosa",
    "foodCost": 65,
    "foodType": "Mexican",
    "description": "3 zingy mini hot pockets packed with spices, potato and jalapenos.",
    "foodPic": "http://localhost:4200/assets/images/food-images/pnjr7hnvhcziazo3vyvt.jpeg"
  },
  {
    "foodName": "Mexican Corn Fiesta Quesadilla",
    "foodCost": 159,
    "foodType": "Mexican",
    "description": "A grilled flour tortilla filled with real cheese and Corn. Melted to perfection and served with ranch dip",
    "foodPic": "http://localhost:4200/assets/images/food-images/phj70tgrs0g2nsk7mxgr.jpeg"
  },
  {
    "foodName": "Mexican Fries",
    "foodCost": 95,
    "foodType": "Mexican",
    "description": "Our signature fries topped with Mexican seasoning. It's the king of fries - trust us.",
    "foodPic": "http://localhost:4200/assets/images/food-images/zk7n4xu4ha6pxt68hkzw.jpeg"
  },
  {
    "foodName": "Crunchy Taco Mexican Chicken",
    "foodCost": 109,
    "foodType": "Mexican",
    "description": "It's crunchy. It's delicious! Our signature product served with Mexican chicken & zesty ranch sauce.",
    "foodPic": "http://localhost:4200/assets/images/food-images/yyahldwxezzvkq8r1ifv.jpeg"
  },
  {
    "foodName": "Chalupa - Mexican Chicken",
    "foodCost": 169,
    "foodType": "Mexican",
    "description": "Crunchy? Chewy? Both. A crunchy and chewy flatbread filled with Mexican chicken, creamy jalapeno sauce, crisp shredded lettuce, a two-blend cheese and diced ripe tomatoes.",
    "foodPic": "http://localhost:4200/assets/images/food-images/nab8esf3em1wlqkh6cuh.jpeg"
  },
  {
    "foodName": "Mexican-Burrito Bowl",
    "foodCost": 235,
    "foodType": "Mexican",
    "description": "Here is our all time favourite signature burrito bowl. Paneer steaks, infused with hot and tangy habanero-jalapeno duo, is grilled, sliced and served with an exciting satiating combo of tomato-paprika rice, spicy refried beans, crunchy roasted-corn salsa, tomato salsa and sour cream. All our meals are prepared fresh on order. Note: Broccoli may not be served due to seasonal unavailability.",
    "foodPic": "http://localhost:4200/assets/images/food-images/mix4tpe8cxkaoibzokcx.jpeg"
  },
  {
    "foodName": "Mexican Cheesy Fries",
    "foodCost": 122,
    "foodType": "Mexican",
    "description": "The world's best French Fries now served with delicious cheese sauce and spicy red sauce. Serving only for a limited time!",
    "foodPic": "http://localhost:4200/assets/images/food-images/zjpku7rpbl1sxx39fxnt.jpeg"
  },
  {
    "foodName": "Mexican Veg Roll",
    "foodCost": 79,
    "foodType": "Mexican",
    "description": "Mexican Veg Roll",
    "foodPic": "http://localhost:4200/assets/images/food-images/k5xfv0jtta5qslroaxht.jpeg"
  },
  {
    "foodName": "Mexican Shawarma",
    "foodCost": 124,
    "foodType": "Mexican",
    "description": "Spicy mexican wrap chicken breast, crispy fresh lettuce, diced tomatos and an enticingly rich layer of chicken mexican sauce wrapped in hot, toasted tortilla bread",
    "foodPic": "http://localhost:4200/assets/images/food-images/zfsaec216lmfnmvrdibh.jpeg"
  },
  {
    "foodName": "Mexican Shawarma",
    "foodCost": 155,
    "foodType": "Mexican",
    "description": "Es picante - the mexican way of saying its spicy - minced chicken and chipotle sauce and some jalapenos makes it spicy and some nachos for the crisp",
    "foodPic": "http://localhost:4200/assets/images/food-images/wqtqtxuyy1kcmu1wxikj.jpeg"
  },
  {
    "foodName": "Chinese Bhel",
    "foodCost": 189,
    "foodType": "Chinese",
    "description": "Chinese bhel is a Fast food dish of North East India.",
    "foodPic": "http://localhost:4200/assets/images/food-images/bhppngsk8o6rxeb1qg6k.jpeg"
  },
  {
    "foodName": "Chinese Sour And Pepper",
    "foodCost": 289,
    "foodType": "Chinese",
    "description": "With 22 ingredients.",
    "foodPic": "http://localhost:4200/assets/images/food-images/i5doyuon2uqpaggx24mf.jpeg"
  },
  {
    "foodName": "Mussorie Mall Road Chinese Rolls",
    "foodCost": 369,
    "foodType": "Chinese",
    "description": "Vegetable spring rolls.",
    "foodPic": "http://localhost:4200/assets/images/food-images/xvz5kpiijdcdkfdkxaee.jpeg"
  },
  {
    "foodName": "Braised Chinese Vegetable",
    "foodCost": 240,
    "foodType": "Chinese",
    "description": "A vegetarian dish with a delicious combination of baby corn, spinach, mushroom and ttofu",
    "foodPic": "http://localhost:4200/assets/images/food-images/nvz4vtxxmnani3vdfzju.jpeg"
  },
  {
    "foodName": "Chinese Chopsuey Chicken (Crispy)",
    "foodCost": 299,
    "foodType": "Chinese",
    "description": "Delicious stew of Chicken & Veggies on Crispy Noodles .... absolutely non spicy",
    "foodPic": "http://localhost:4200/assets/images/food-images/r0ugoripzij0nhd0d2rh.jpeg"
  },
  {
    "foodName": "Veg Chinese Chopsuey (Crispy)",
    "foodCost": 279,
    "foodType": "Chinese",
    "description": "Delicious stew of Veggies on Crispy Noodles . No Spice.",
    "foodPic": "http://localhost:4200/assets/images/food-images/szib8ywxju8iiq2uiwse.jpeg"
  },
  {
    "foodName": "Chinese Combo Meal",
    "foodCost": 222,
    "foodType": "Chinese",
    "description": "Veg Fried Rice + Gobi Manchurian + Sauce",
    "foodPic": "http://localhost:4200/assets/images/food-images/dy3gamwlvxpk1pkdnwf1.jpeg"
  },
  {
    "foodName": "Chinese Pepper Chicken",
    "foodCost": 279,
    "foodType": "Chinese",
    "description": "Succulent chicken drumettes tossed with onions, ginger, garlic in hot pepper sauce",
    "foodPic": "http://localhost:4200/assets/images/food-images/inmpw4osdxhnp2pspo5u.jpeg"
  },
  {
    "foodName": "Chinese Fried Rice",
    "foodCost": 219,
    "foodType": "Chinese",
    "description": "Wok tossed",
    "foodPic": "http://localhost:4200/assets/images/food-images/w7hifljrm2e3h0mrexi5.jpeg"
  },
  {
    "foodName": "Chinese Fried Rice - Veg",
    "foodCost": 200,
    "foodType": "Chinese",
    "description": "Wok tossed",
    "foodPic": "http://localhost:4200/assets/images/food-images/ccz11cgznwnhfaqkdoe9.jpeg"
  },
  {
    "foodName": "Chinese Clear Soup",
    "foodCost": 189,
    "foodType": "Chinese",
    "description": "A peppery soup with vegetables",
    "foodPic": "http://localhost:4200/assets/images/food-images/gfnhiffzmfd9rmguhp24.jpeg"
  },
  {
    "foodName": "Chicken Chinese Hakka Noodles",
    "foodCost": 199,
    "foodType": "Chinese",
    "description": "Noodles tossed with onion, capsicum, carrot with a touch of dark soya. Garnished with spring onion.",
    "foodPic": "http://localhost:4200/assets/images/food-images/lybggmrdxy5ccswge4jq.jpeg"
  }
]
